-- 数据查询供应商
INSERT INTO `component_data_query_provider` (`id`, `name`, `is_disabled`, `disabled_reason`, `user_name`, `email`, `mobile`, `remark`, `version`, `tenant_id`, `create_at`, `create_by`, `update_at`, `update_by`) VALUES (1636205678244229121, '本机测试', 0, NULL, NULL, NULL, NULL, NULL, 3, 1, '2023-03-16 11:20:08', 1, '2023-03-17 11:10:54', 1);
-- 数据查询jdbc数据源
INSERT INTO component_data_query_datasource (id, code, name, type_dict_id, config_json, username, password, data_query_provider_id, remark, version, tenant_id, create_at, create_by, update_at, update_by) VALUES (1636566011660038146, null, 'particle_test jdbc', 1633407476579213314, '{"driverClassName":"com.mysql.cj.jdbc.Driver","url":"jdbc:mysql://localhost/particle_test?useUnicode=true&characterEncoding=UTF-8&allowMultiQueries=true&serverTimezone=GMT%2B8"}', 'root', 'rootroot', 1636205678244229121, null, 2, 1, '2023-03-17 11:11:58', 1, '2023-11-22 09:55:33', 1);
-- 数据查询 jdbc 数据源接口
INSERT INTO `component_data_query_datasource_api` (`id`, `code`, `name`, `category_dict_id`, `data_query_provider_id`, `data_query_provider_doc_link_url`, `data_query_datasource_id`, `in_param_type_dict_id`, `in_param_example_config_json`, `in_param_test_case_data_config_json`, `in_param_doc_config_json`, `in_param_validate_config_json`, `in_param_ext_config_json`, `out_param_type_dict_id`, `out_param_example_config_json`, `out_param_doc_config_json`, `out_param_success_config_json`, `out_param_trans_config_json`, `out_param_ext_config_json`, `response_type_dict_id`, `pageable_adapter_config_json`, `config_json`, `dict_config_json`, `rate_limit_control_config_json`, `circuit_breaker_control_config_json`, `read_timeout`, `connect_timeout`, `same_tag`, `remark`, `version`, `tenant_id`, `create_at`, `create_by`, `update_at`, `update_by`) VALUES (1636566958071181313, '', '区域分页查询', 1635837233619034114, 1636205678244229121, NULL, 1636566011660038146, 1635961482904113154, NULL, '{\"inParamTestCases\":[{\"name\":\"分页查询\",\"content\":\"{ \\\"pageNo\\\": 1, \\\"pageSize\\\": 10,\\\"name\\\": \\\"北京市\\\" }\"}]}', NULL, NULL, NULL, 1635961482904113154, NULL, NULL, NULL, NULL, NULL, 1635837976392523778, NULL, '{\"dataType\":\"page\",\"sqlTemplateType\":\"enjoy_template\",\"sqlTemplate\":\"select * from component_area where name = \'#(data.name)\'\",\"type\":\"enjoy_template\",\"content\":\"select * from component_area\"}', NULL, NULL, NULL, 60000, 10000, NULL, 'jdbc使用enjoy模板', 8, 1, '2023-03-17 11:15:43', 1, '2023-03-20 18:27:12', 1);


-- jsonplaceholder 数据测试demo
INSERT INTO `component_data_query_provider` (`id`, `name`, `is_disabled`, `disabled_reason`, `user_name`, `email`, `mobile`, `remark`, `version`, `tenant_id`, `create_at`, `create_by`, `update_at`, `update_by`) VALUES (1694222868088393730, 'jsonplaceholder', 0, NULL, NULL, NULL, NULL, NULL, 1, NULL, '2023-08-23 13:39:44', 1, NULL, NULL);
INSERT INTO `component_data_query_datasource` (`id`, `code`, `name`, `type_dict_id`, `config_json`, `username`, `password`, `data_query_provider_id`, `remark`, `version`, `tenant_id`, `create_at`, `create_by`, `update_at`, `update_by`) VALUES (1694223035856359425, NULL, 'jsonplaceholder http', 1633407774223802369, '{\"domainUrl\":\"http://jsonplaceholder.typicode.com\",\"authScriptType\":null,\"authScriptTemplate\":null}', NULL, NULL, 1694222868088393730, NULL, 1, NULL, '2023-08-23 13:40:24', 1, NULL, NULL);
INSERT INTO `component_data_query_datasource_api` (`id`, `code`, `name`, `category_dict_id`, `data_query_provider_id`, `data_query_provider_doc_link_url`, `data_query_datasource_id`, `in_param_type_dict_id`, `in_param_example_config_json`, `in_param_test_case_data_config_json`, `in_param_doc_config_json`, `in_param_validate_config_json`, `in_param_ext_config_json`, `out_param_type_dict_id`, `out_param_example_config_json`, `out_param_doc_config_json`, `out_param_success_config_json`, `out_param_trans_config_json`, `out_param_ext_config_json`, `response_type_dict_id`, `pageable_adapter_config_json`, `config_json`, `dict_config_json`, `rate_limit_control_config_json`, `circuit_breaker_control_config_json`, `read_timeout`, `connect_timeout`, `same_tag`, `remark`, `version`, `tenant_id`, `create_at`, `create_by`, `update_at`, `update_by`) VALUES (1694223317310935042, NULL, '用户数据（users）', 1635837233619034114, 1694222868088393730, NULL, 1694223035856359425, NULL, NULL, NULL, NULL, NULL, NULL, 1635961482904113154, NULL, NULL, NULL, NULL, NULL, 1635837794867240962, NULL, '{\"requestMethod\":\"get\",\"requestContentType\":\"none\",\"responseContentType\":\"application_json\",\"requestUrlRenderType\":\"raw\",\"requestUrlTemplate\":\"/users\"}', NULL, NULL, NULL, 60000, 10000, NULL, NULL, 1, NULL, '2023-08-23 13:41:31', 1, NULL, NULL);
INSERT INTO `component_data_query_data_api` (`id`, `url`, `name`, `data_query_datasource_api_id`, `adapt_type_dict_id`, `adapt_config_json`, `in_param_type_dict_id`, `in_param_example_config_json`, `in_param_test_case_data_config_json`, `in_param_doc_config_json`, `in_param_validate_config_json`, `out_param_type_dict_id`, `out_param_example_config_json`, `out_param_doc_config_json`, `out_param_success_config_json`, `response_type_dict_id`, `pageable_adapter_config_json`, `dict_config_json`, `remark`, `level`, `parent_id`, `parent_id1`, `parent_id2`, `parent_id3`, `parent_id4`, `parent_id5`, `parent_id6`, `parent_id7`, `parent_id8`, `parent_id9`, `parent_id10`, `version`, `tenant_id`, `create_at`, `create_by`, `update_at`, `update_by`) VALUES (1694223733557858306, '/jsonplaceholder/users', '用户数据（users）', 1694223317310935042, 1638048477600104449, NULL, NULL, NULL, NULL, NULL, NULL, NULL, NULL, NULL, NULL, NULL, NULL, NULL, NULL, 1, NULL, NULL, NULL, NULL, NULL, NULL, NULL, NULL, NULL, NULL, NULL, 1, NULL, '2023-08-23 13:43:10', 1, NULL, NULL);


-- neo4j 数据源
INSERT INTO component_data_query_datasource (id, code, name, type_dict_id, config_json, username, password, data_query_provider_id, remark, version, tenant_id, create_at, create_by, update_at, update_by) VALUES (1726906741737656322, null, 'localhost:7687 neo4j', 1633407729327972353, '{"uri":"bolt://localhost:7687"}', 'neo4j', 'neo4jneo4j', 1636205678244229121, null, 2, null, '2023-11-21 18:13:46', 1, '2023-11-22 09:55:43', 1);
-- neo4j 查询所有节点 数据源接口
INSERT INTO component_data_query_datasource_api (id, code, name, category_dict_id, data_query_provider_id, data_query_provider_doc_link_url, data_query_datasource_id, in_param_type_dict_id, in_param_example_config_json, in_param_test_case_data_config_json, in_param_doc_config_json, in_param_validate_config_json, in_param_ext_config_json, out_param_type_dict_id, out_param_example_config_json, out_param_doc_config_json, out_param_success_config_json, out_param_trans_config_json, out_param_ext_config_json, response_type_dict_id, pageable_adapter_config_json, config_json, dict_config_json, rate_limit_control_config_json, circuit_breaker_control_config_json, read_timeout, connect_timeout, same_tag, remark, version, tenant_id, create_at, create_by, update_at, update_by) VALUES (1727162334390099969, null, '查询所有节点', 1635837233619034114, 1636205678244229121, null, 1726906741737656322, null, null, null, null, null, null, 1635961482904113154, null, null, null, null, null, 1635837911464697858, null, '{"dataType":"multiple","cqlTemplateType":"raw","cqlTemplate":"match(n) return n","cqlCountTemplate":""}', null, null, null, 60000, 10000, null, null, 1, null, '2023-11-22 11:09:24', 1, null, null);
-- neo4j 分页查询所有节点 数据源接口
INSERT INTO component_data_query_datasource_api (id, code, name, category_dict_id, data_query_provider_id, data_query_provider_doc_link_url, data_query_datasource_id, in_param_type_dict_id, in_param_example_config_json, in_param_test_case_data_config_json, in_param_doc_config_json, in_param_validate_config_json, in_param_ext_config_json, out_param_type_dict_id, out_param_example_config_json, out_param_doc_config_json, out_param_success_config_json, out_param_trans_config_json, out_param_ext_config_json, response_type_dict_id, pageable_adapter_config_json, config_json, dict_config_json, rate_limit_control_config_json, circuit_breaker_control_config_json, read_timeout, connect_timeout, same_tag, remark, version, tenant_id, create_at, create_by, update_at, update_by) VALUES (1727235266306920450, null, '分页查询所有节点', 1635837233619034114, 1636205678244229121, null, 1726906741737656322, 1635961482904113154, null, '{"inParamTestCases":[{"name":"测试分页","content":"{\\n\\"pageNo\\": 1,\\n\\"pageSize\\": 10\\n}"}]}', null, null, null, 1635961482904113154, null, null, null, null, null, 1635837976392523778, null, '{"dataType":"page","cqlTemplateType":"raw","cqlTemplate":"match(n) return n","cqlCountTemplate":"match(n) return count(*)"}', null, null, null, 60000, 10000, null, null, 1, null, '2023-11-22 15:59:13', 1, null, null);
